title,year,cited_by,doi,venue,authors,method_relevance,areas
Phenology-based <i>Spartina alterniflora</i> mapping in coastal wetland of the Yangtze Estuary using time series of GaoFen satellite no. 1 wide field of view imagery,2017,40,10.1117/1.jrs.11.026020,Journal of Applied Remote Sensing,Jinquan Ai; Wei Gao; Zhiqiang Gao,9.5,invasive_phenology_ts
Changes in the Occurrence of Five Invasive Plant Species in Different Ecosystem Types between 2009–2018 in Hungary,2023,9,10.3390/land12091784,Land,Márton Bence Balogh; Miklós Kertész; Katalin Török,8.5,russian_olive
"Russian olive distribution and invasion dynamics along the Powder River, Montana and Wyoming, USA",2024,1,10.1007/s10530-024-03394-3,Biological Invasions,K. Diane Courtney; Catherine Buczek; Sharon Bywater‐Reyes,8.5,russian_olive
High-frequency time series comparison of Sentinel-1 and Sentinel-2 satellites for mapping open and vegetated water across the United States (2017–2021),2023,85,10.1016/j.rse.2023.113498,Remote Sensing of Environment,Melanie K. Vanderhoof; Laurie C. Alexander; Jay R. Christensen,8.0,riparian_s2_ml; dryland_riparian_change
"A Remote Sensing Method to Monitor Water, Aquatic Vegetation, and Invasive Water Hyacinth at National Extents",2020,69,10.3390/rs12244021,Remote Sensing,Geethen Singh; Chevonne Reynolds; Marcus J. Byrne,8.0,fm_riparian
Deep learning detects invasive plant species across complex landscapes using Worldview‐2 and Planetscope satellite imagery,2022,74,10.1002/rse2.288,Remote Sensing in Ecology and Conservation,Thomas A. Lake; Ryan D. Briscoe Runquist; David A. Moeller,7.5,invasive_phenology_ts
Tamarisk and Russian Olive Occurrence and Absence Dataset Collected in Select Tributaries of the Colorado River for 2017,2018,3,10.3390/data3040042,Data,Anthony G. Vorster; Brian Woodward; Amanda M. West,7.5,russian_olive; beetle_defoliation
Foundation Models for Generalist Geospatial Artificial Intelligence,2023,14,10.48550/arxiv.2310.18660,arXiv (Cornell University),Johannes Jakubik; Sujit Roy; Chris Phillips,7.0,presto_pixel_ts; prithvi
"Coastal Wetland Mapping Using Ensemble Learning Algorithms: A Comparative Study of Bagging, Boosting and Stacking Techniques",2020,141,10.3390/rs12101683,Remote Sensing,Li Wen; Michael G. Hughes,6.5,riparian_s2_ml
Hyperspectral Time Series Analysis of Native and Invasive Species in Hawaiian Rainforests,2012,69,10.3390/rs4092510,Remote Sensing,Ben Somers; Gregory P. Asner,6.5,invasive_phenology_ts
UTILIZING REMOTE SENSING TO SUPPLEMENT GROUND MONITORING OF DIORHABDA ELONGATA AS A CONTROL AGENT FOR TAMARIX RAMOSISSIMA IN DINOSAUR NATIONAL MONUMENT,2009,2,,Bristol Research (University of Bristol),Vanessa Archambault; Jared Auch; Jack Landy,6.5,beetle_defoliation
Self-Supervised Pretraining of Transformers for Satellite Image Time Series Classification,2020,188,10.1109/jstars.2020.3036602,IEEE Journal of Selected Topics in Applied Earth Observations and Remote Sensing,Yuan Yuan; Lei Lin,6.0,self_supervised_veg
ClimaX: A foundation model for weather and climate,2023,169,10.48550/arxiv.2301.10343,arXiv (Cornell University),Tung Nguyen; J. Brandstetter; Ashish Kapoor,6.0,satmae_scalemae
Detection of Tamarisk Defoliation by the Northern Tamarisk Beetle Based on Multitemporal Landsat 5 Thematic Mapper Imagery,2012,26,10.2747/1548-1603.49.4.510,GIScience & Remote Sensing,Ran Meng; Philip E. Dennison; Levi R. Jamison,6.0,beetle_defoliation
Vegetation‐groundwater dynamics at a former uranium mill site following invasion of a biocontrol agent: A time series analysis of Landsat normalized difference vegetation index data,2020,11,10.1002/hyp.13772,Hydrological Processes,Christopher J. Jarchow; W. Joseph Waugh; Kamel Didan,6.0,beetle_defoliation
Invariant Features for Global Crop Type Classification,2025,0,10.48550/arxiv.2509.03497,arXiv (Cornell University),Xinyi Tong; Sherrie Wang,6.0,presto_pixel_ts
Interannual controls on riparian plant health in a dryland river,2024,8,10.1002/eco.2613,Ecohydrology,Peter W. Downs; Adam Lambert; Jared Williams,5.5,dryland_riparian_change
Population dynamics of the northern tamarisk beetle (&lt;em&gt;Diorhabda carinulata&lt;/em&gt;) in the Colorado River Basin,2018,1,10.3133/ofr20181070,Antarctica A Keystone in a Changing World,Levi R. Jamison; Charles van Riper,5.5,beetle_defoliation
SatMAE: Pre-training Transformers for Temporal and Multi-Spectral Satellite Imagery,2022,122,10.48550/arxiv.2207.08051,arXiv (Cornell University),Yezhen Cong; Samar Khanna; Chenlin Meng,5.0,satmae_scalemae
Efficient Deep Semantic Segmentation for Land Cover Classification Using Sentinel Imagery,2023,50,10.3390/rs15082027,Remote Sensing,Anastasios Tzepkenlis; Konstantinos Marthoglou; Nikos Grammalidis,5.0,self_supervised_veg
"CNN, RNN, or ViT? An Evaluation of Different Deep Learning Architectures for Spatio-Temporal Representation of Sentinel Time Series",2022,43,10.1109/jstars.2022.3219816,IEEE Journal of Selected Topics in Applied Earth Observations and Remote Sensing,Linying Zhao; Shunping Ji,5.0,self_supervised_veg
"Lightweight, Pre-trained Transformers for Remote Sensing Timeseries",2023,28,10.48550/arxiv.2304.14065,arXiv (Cornell University),"Gabriel Tseng; Cartuyvels, Ruben; Ivan Zvonkov",5.0,presto_pixel_ts; satmae_scalemae
SeaMAE: Masked Pre-Training with Meteorological Satellite Imagery for Sea Fog Detection,2023,9,10.3390/rs15164102,Remote Sensing,Haotian Yan; Sundingkai Su; Ming Wu,5.0,presto_pixel_ts; satmae_scalemae
Paving the Way Toward Foundation Models for Irregular and Unaligned Satellite Image Time Series,2025,7,10.1109/tgrs.2025.3589013,IEEE Transactions on Geoscience and Remote Sensing,Iris Dumeur; Silvia Valero; Jordi Inglada,5.0,presto_pixel_ts; satmae_scalemae
"Effect of water delivery and irrigation for riparian restoration in the Colorado River Delta, Mexico",2024,2,10.1111/rec.14226,Restoration Ecology,Pamela L. Nagler; Ibrahima Sall; Martha Gómez‐Sapiens,5.0,beetle_defoliation
"Rice Crop Detection Using LSTM, Bi-LSTM, and Machine Learning Models from Sentinel-1 Time Series",2020,193,10.3390/rs12162655,Remote Sensing,Hugo Crisóstomo de Castro Filho; Osmar Abílio de Carvalho Júnior; Osmar Abílio de Carvalho Júnior,4.5,riparian_s2_ml
Convolutional Neural Network-Based Deep Learning Approach for Automatic Flood Mapping Using NovaSAR-1 and Sentinel-1 Data,2023,44,10.3390/ijgi12050194,ISPRS International Journal of Geo-Information,Ogbaje Andrew; Armando Apan; Dev Raj Paudyal,4.5,self_supervised_veg
Ecohydrological consequences of non‐native riparian vegetation in the southwestern United States: A review from an ecophysiological perspective,2011,38,10.1029/2010wr010317,Water Resources Research,Kevin R. Hultine; S. E. Bush,4.5,beetle_defoliation
Feature Guided Masked Autoencoder for Self-Supervised Learning in Remote Sensing,2024,36,10.1109/jstars.2024.3493237,IEEE Journal of Selected Topics in Applied Earth Observations and Remote Sensing,Yi Wang; Hugo Hernández Hernández; Conrad M Albrecht,4.5,satmae_scalemae; self_supervised_veg
River channel response to invasive plant treatment across the American Southwest,2022,23,10.1002/esp.5503,Earth Surface Processes and Landforms,Celeste Wieting; Jonathan M. Friedman; Sara L. Rathburn,4.5,russian_olive
Herbivory-induced mortality increases with radial growth in an invasive riparian phreatophyte,2013,21,10.1093/aob/mct077,Annals of Botany,Kevin R. Hultine; Tom L. Dudley; Steven W. Leavitt,4.5,beetle_defoliation
Forest Disturbance Detection via Self-Supervised and Transfer Learning With Sentinel-1&amp;2 Images,2024,11,10.1109/jstars.2024.3361183,IEEE Journal of Selected Topics in Applied Earth Observations and Remote Sensing,Rıdvan Salih Kuzu; Oleg Antropov; Matthieu Molinier,4.5,self_supervised_veg
Water and Energy Balance of a Riparian and Agricultural Ecosystem along the Lower Colorado River,2021,9,10.26076/0d04-ec1d,Digital Commons - USU (Utah State University),Saleh Taghvaeian,4.5,tamarisk_phenology; beetle_defoliation
Glacial lake mapping using remote sensing Geo-Foundation Model,2025,9,10.1016/j.jag.2025.104371,International Journal of Applied Earth Observation and Geoinformation,Di Jiang; Shiyi Li; Irena Hajnsek,4.5,prithvi
"Monitoring Tamarix Changes Using WorldView-2 Satellite Imagery in Grand Canyon National Park, Arizona",2021,8,10.3390/rs13050958,Remote Sensing,Nathaniel Bransky; Temuulen Tsagaan Sankey; Joel B. Sankey,4.5,tamarisk_phenology; beetle_defoliation
Historical and recent land use/land cover changes as a driving force of biological invasion: a Hungarian case study,2025,5,10.1007/s10530-025-03635-z,Biological Invasions,Márton Bence Balogh; Zalán Tobak; Dominik Kaim,4.5,russian_olive
Feature Guided Masked Autoencoder for Self-supervised Learning in Remote Sensing,2023,5,10.48550/arxiv.2310.18653,arXiv (Cornell University),Yi Wang; Hugo Hernández Hernández; Conrad M Albrecht,4.5,satmae_scalemae
Black bears in Canyon de Chelly National Monument: Life in a changing environment,2011,2,,VTechWorks (Virginia Tech),Catherine A. Tredick; Michael R. Vaughan; Marcella J. Kelly,4.5,russian_olive
Spatio-Temporal Transformers for Long-Term NDVI Forecasting,2026,0,,arXiv (Cornell University),Ido Faran; Nathan S. Netanyahu; Maxim Shoshany,4.5,presto_pixel_ts
Forest Stand Species Mapping Using the Sentinel-2 Time Series,2019,289,10.3390/rs11101197,Remote Sensing,Ewa Grabska‐Szwagrzyk; Patrick Hostert; Dirk Pflugmacher,4.0,invasive_phenology_ts
Remotely sensed rivers in the Anthropocene: state of the art and prospects,2019,229,10.1002/esp.4787,Earth Surface Processes and Landforms,Hervé Piégay; Fanny Arnaud; Barbara Belletti,4.0,corridor_vbet
Detection of Temporary Flooded Vegetation Using Sentinel-1 Time Series Data,2018,127,10.3390/rs10081286,Remote Sensing,Viktoriya Tsyganskaya; Sandro Martinis; Philip Marzahn,4.0,riparian_s2_ml
Enhancement of Detecting Permanent Water and Temporary Water in Flood Disasters by Fusing Sentinel-1 and Sentinel-2 Imagery Using Deep Learning Algorithms: Demonstration of Sen1Floods11 Benchmark Datasets,2021,104,10.3390/rs13112220,Remote Sensing,Yanbing Bai; Wenqi Wu; Zhengxin Yang,4.0,fm_finetune_seg; self_supervised_veg
Surface Water Mapping and Flood Monitoring in the Mekong Delta Using Sentinel-1 SAR Time Series and Otsu Threshold,2022,99,10.3390/rs14225721,Remote Sensing,Khuong H. Tran; Massimo Menenti; Jia Li,4.0,riparian_s2_ml
Reviewing the Potential of Sentinel-2 in Assessing the Drought,2021,72,10.3390/rs13173355,Remote Sensing,Dani Varghese; Mirjana Radulović; S.M. Stojković,4.0,riparian_s2_ml
SAM2-UNet: segment anything 2 makes strong encoder for natural and medical image segmentation,2026,57,10.1007/s44267-025-00106-w,Visual Intelligence,Xinyu Xiong; Zihuang Wu; Shuangyi Tan,4.0,unet_vs_pooling
Vegetation responses to climatic and geologic controls on water availability in southeastern Arizona,2021,28,10.1088/1748-9326/abfe8c,Environmental Research Letters,Romy Sabathier; Michael Bliss Singer; John C. Stella,4.0,dryland_riparian_change
Deep Learning Model Transfer in Forest Mapping Using Multi-Source Satellite SAR and Optical Images,2023,19,10.3390/rs15215152,Remote Sensing,Shaojia Ge; Oleg Antropov; Tuomas Häme,4.0,self_supervised_veg
CROMA: Remote Sensing Representations with Contrastive Radar-Optical Masked Autoencoders,2023,14,10.48550/arxiv.2311.00566,arXiv (Cornell University),Anthony T. Fuller; Koreen Millard; James R. Green,4.0,satmae_scalemae
UAV Quantitative Remote Sensing of Riparian Zone Vegetation for River and Lake Health Assessment: A Review,2024,10,10.3390/rs16193560,Remote Sensing,Fei Song; Wenyong Zhang; Tenggang Yuan,4.0,beetle_defoliation
Temporal ViT-U-Net Tandem Model: Enhancing Multi-Sensor Land Cover Classification Through Transformer-Based Utilization of Satellite Image Time Series,2024,8,10.5194/isprs-annals-x-3-2024-169-2024,"ISPRS annals of the photogrammetry, remote sensing and spatial information sciences",Mohammadreza Heidarianbaei; Hubert Kanyamahanga; Mareike Dorozynski,4.0,satmae_scalemae
USat: A Unified Self-Supervised Encoder for Multi-Sensor Satellite Imagery,2023,4,10.48550/arxiv.2312.02199,arXiv (Cornell University),Jeremy Irvin; Lucas Tao; Joanne Zhou,4.0,presto_pixel_ts; satmae_scalemae
Sentinel-2 Land Cover Classification: State-of-the-Art Methods and the Reality of Operational Deployment—A Systematic Review,2025,2,10.3390/su172210324,Sustainability,Andreea Florina Jocea; Liviu Porumb; Lucian Necula,4.0,prithvi
Enhancing semantic segmentation of Ecuadorian shrimp ponds through fine-tuned vision transformers and U-Net architectures utilizing open-source remote sensing data,2025,1,10.1080/17538947.2025.2538214,International Journal of Digital Earth,Daniel Jacome; Jianghao Wang; Yong Ge,4.0,prithvi
Evaluation of Sentinel-2 time-series for mapping floodplain grassland plant communities,2019,182,10.1016/j.rse.2019.01.018,Remote Sensing of Environment,Sébastien Rapinel; Cendrine Mony; Lucie Lecoq,3.5,invasive_phenology_ts
A remote sensing-based model of tidal marsh aboveground carbon stocks for the conterminous United States,2018,135,10.1016/j.isprsjprs.2018.03.019,ISPRS Journal of Photogrammetry and Remote Sensing,Kristin B. Byrd; L. Ballanti; Nathan Thomas,3.5,fm_riparian
Mapping Invasive Tamarisk (Tamarix): A Comparison of Single-Scene and Time-Series Analyses of Remotely Sensed Data,2009,123,10.3390/rs1030519,Remote Sensing,Paul Evangelista; Thomas J. Stohlgren; Jeffrey T. Morisette,3.5,tamarisk_phenology; invasive_phenology_ts
OmbriaNet—Supervised Flood Mapping via Convolutional Neural Networks Using Multitemporal Sentinel-1 and Sentinel-2 Data Fusion,2022,76,10.1109/jstars.2022.3155559,IEEE Journal of Selected Topics in Applied Earth Observations and Remote Sensing,Georgios I. Drakonakis; Grigorios Tsagkatakis; Konstantina Fotiadou,3.5,self_supervised_veg
"Assessing the seasonal dynamics of inundation, turbidity, and aquatic vegetation in the Australian wet–dry tropics using optical remote sensing",2012,72,10.1002/eco.1270,Ecohydrology,Douglas P. Ward; Stephen K. Hamilton; Timothy D. Jardine,3.5,dryland_riparian_change
Vegetation enhances curvature-driven dynamics in meandering rivers,2024,41,10.1038/s41467-024-46292-x,Nature Communications,Alvise Finotello; Alessandro Ielpi; M. G. A. Lapôtre,3.5,dryland_riparian_change
A Machine Learning Approach for Mapping Forest Vegetation in Riparian Zones in an Atlantic Biome Environment Using Sentinel-2 Imagery,2020,32,10.3390/rs12244086,Remote Sensing,Danielle Elis Garcia Furuya; João Alex Floriano Aguiar; Nayara Vasconcelos Estrabis,3.5,riparian_s2_ml
Defoliation effects of <i>Diorhabda carinulata</i> on tamarisk evapotranspiration and groundwater levels,2015,16,10.1002/eco.1604,Ecohydrology,Sachiko Sueki; Kumud Acharya; Justin Huntington,3.5,beetle_defoliation
Remote sensing vegetation index methods to evaluate changes in greenness and evapotranspiration in riparian vegetation in response to the Minute 319 environmental pulse flow to Mexico,2018,15,10.5194/piahs-380-45-2018,Proceedings of the International Association of Hydrological Sciences,Pamela L. Nagler; Christopher J. Jarchow; Edward P. Glenn,3.5,dryland_riparian_change
"A satellite model of Southwestern Willow Flycatcher (&lt;em&gt;Empidonax traillii extimus&lt;/em&gt;) breeding habitat and a simulation of potential effects of tamarisk leaf beetles (&lt;em&gt;Diorhabda&lt;/em&gt; spp.), southwestern United States",2016,13,10.3133/ofr20161120,Antarctica A Keystone in a Changing World,James R. Hatten,3.5,beetle_defoliation
"Phenology and Spectral Unmixing-Based Invasive Kudzu Mapping: A Case Study in Knox County, Tennessee",2021,9,10.3390/rs13224551,Remote Sensing,Shen Ming; Maofeng Tang; Yingkui Li,3.5,tamarisk_phenology
Multilabel-Guided Soft Contrastive Learning for Efficient Earth Observation Pretraining,2024,7,10.1109/tgrs.2024.3466896,IEEE Transactions on Geoscience and Remote Sensing,Yi Wang; Conrad M Albrecht; Xiao Xiang Zhu,3.5,presto_pixel_ts
Multi-Label Guided Soft Contrastive Learning for Efficient Earth Observation Pretraining,2024,1,10.48550/arxiv.2405.20462,elib (German Aerospace Center),Yi Wang; Conrad M Albrecht; Xiao Xiang Zhu,3.5,presto_pixel_ts
When are Foundation Models Effective? Understanding the Suitability for Pixel-Level Classification Using Multispectral Imagery,2024,1,10.48550/arxiv.2404.11797,arXiv (Cornell University),Yiqun Xie; Zhihao Wang; Weiye Chen,3.5,prithvi
Sentinel-2 cropland mapping using pixel-based and object-based time-weighted dynamic time warping analysis,2017,901,10.1016/j.rse.2017.10.005,Remote Sensing of Environment,Mariana Belgiu; Ovidiu Csillik,3.0,invasive_phenology_ts
ChangeMamba: Remote Sensing Change Detection With Spatiotemporal State Space Model,2024,278,10.1109/tgrs.2024.3417253,IEEE Transactions on Geoscience and Remote Sensing,Hongruixuan Chen; Jian Song; Chengxi Han,3.0,unet_vs_pooling
MODELING THE INTERACTIONS BETWEEN RIVER MORPHODYNAMICS AND RIPARIAN VEGETATION,2013,261,10.1002/rog.20014,Reviews of Geophysics,Carlo Camporeale; Eliana Perucca; Luca Ridolfi,3.0,dryland_riparian_change
Weakly Supervised Deep Learning for Segmentation of Remote Sensing Imagery,2020,260,10.3390/rs12020207,Remote Sensing,Sherrie Wang; William Chen; Sang Michael Xie,3.0,weak_supervision_rs
"Comparing Deep Learning and Shallow Learning for Large-Scale Wetland Classification in Alberta, Canada",2019,185,10.3390/rs12010002,Remote Sensing,Evan R. DeLancey; John F. Simms; Masoud Mahdianpari,3.0,riparian_s2_ml
Mapping Forest Type and Tree Species on a Regional Scale Using Multi-Temporal Sentinel-2 Data,2019,181,10.3390/rs11080929,Remote Sensing,Agata Hościło; Aneta Lewandowska,3.0,riparian_s2_ml
Discrimination of Deciduous Tree Species from Time Series of Unmanned Aerial System Imagery,2015,122,10.1371/journal.pone.0141006,PLoS ONE,Jonathan Lisein; Adrien Michez; Hugues Claessens,3.0,invasive_phenology_ts
Impacts of invading alien plant species on water flows at stand and catchment scales,2015,96,10.1093/aobpla/plv043,AoB Plants,David C. Le Maître; M.B. Gush; Sebinasi Dzikiti,3.0,tamarisk_phenology
Tree Species Classification in Temperate Forests Using Formosat-2 Satellite Image Time Series,2016,95,10.3390/rs8090734,Remote Sensing,David Sheeren; Mathieu Fauvel; Veliborka Josipović,3.0,invasive_phenology_ts
Mapping Rice Paddy Based on Machine Learning with Sentinel-2 Multi-Temporal Data: Model Comparison and Transferability,2020,71,10.3390/rs12101620,Remote Sensing,Weichun Zhang; Hongbin Liu; Wei Wu,3.0,self_supervised_veg
CMLFormer: CNN and Multiscale Local-Context Transformer Network for Remote Sensing Images Semantic Segmentation,2024,69,10.1109/jstars.2024.3375313,IEEE Journal of Selected Topics in Applied Earth Observations and Remote Sensing,Honglin Wu; Min Zhang; Peng Huang,3.0,unet_vs_pooling
UNetMamba: An Efficient UNet-Like Mamba for Semantic Segmentation of High-Resolution Remote Sensing Images,2024,57,10.1109/lgrs.2024.3505193,IEEE Geoscience and Remote Sensing Letters,Enze Zhu; Zhan Chen; Dingkai Wang,3.0,unet_vs_pooling
Dual Encoder–Decoder Network for Land Cover Segmentation of Remote Sensing Image,2023,45,10.1109/jstars.2023.3347595,IEEE Journal of Selected Topics in Applied Earth Observations and Remote Sensing,Wang Zhong-chen; Min Xia; Liguo Weng,3.0,unet_vs_pooling
"Livestock management, beaver, and climate influences on riparian vegetation in a semi-arid landscape",2018,43,10.1371/journal.pone.0208928,PLoS ONE,Kurt A. Fesenmyer; Daniel C. Dauwalter; Carol Evans,3.0,corridor_vbet
Remote Detection of Invasive Alien Species,2020,41,10.1007/978-3-030-33157-3_12,,Erik A. Bolch; Maria J. Santos; Christiana Ade,3.0,tamarisk_phenology
Continual Barlow Twins: Continual Self-Supervised Learning for Remote Sensing Semantic Segmentation,2023,35,10.1109/jstars.2023.3280029,IEEE Journal of Selected Topics in Applied Earth Observations and Remote Sensing,Valerio Marsocci; Simone Scardapane,3.0,fm_finetune_seg; self_supervised_veg
Encoding Contextual Information by Interlacing Transformer and Convolution for Remote Sensing Imagery Semantic Segmentation,2022,35,10.3390/rs14164065,Remote Sensing,Xin Li; Feng Xu; Runliang Xia,3.0,fm_finetune_seg
"Land Use, anthropogenic disturbance, and riverine features drive patterns of habitat selection by a wintering waterbird in a semi-arid environment",2018,35,10.1371/journal.pone.0206222,PLoS ONE,Matthew A. Boggie; Daniel P. Collins; John Donnelly,3.0,russian_olive
Quantifying the performance of automated GIS-based geomorphological approaches for riparian zone delineation using digital elevation models,2012,34,10.5194/hess-16-3851-2012,Hydrology and earth system sciences,Diego Fernández; José Barquín; M. Álvarez-Cabria,3.0,corridor_vbet
Semantic segmentation for plastic-covered greenhouses and plastic-mulched farmlands from VHR imagery,2023,26,10.1080/17538947.2023.2275657,International Journal of Digital Earth,Bowen Niu; Quanlong Feng; Shuai Su,3.0,fm_finetune_seg
Interactions between vegetation and river morphodynamics. Part I: Research clarifications and challenges,2024,22,10.1016/j.earscirev.2024.104769,Earth-Science Reviews,Dov Corenblit; Hervé Piégay; Florent Arrignon,3.0,dryland_riparian_change
Can local adaptation explain varying patterns of herbivory tolerance in a recently introduced woody plant in North America?,2017,21,10.1093/conphys/cox016,Conservation Physiology,Randall W. Long; S. E. Bush; Kevin C. Grady,3.0,tamarisk_phenology
Deep attentive fusion network for flood detection on uni-temporal Sentinel-1 data,2022,19,10.3389/frsen.2022.1060144,Frontiers in Remote Sensing,Ritu Yadav; Andrea Nascetti; Yifang Ban,3.0,self_supervised_veg
Object-Centric Masked Image Modeling-Based Self-Supervised Pretraining for Remote Sensing Object Detection,2023,18,10.1109/jstars.2023.3277588,IEEE Journal of Selected Topics in Applied Earth Observations and Remote Sensing,Tong Zhang; Yin Zhuang; He Chen,3.0,satmae_scalemae
GEO-Bench: Toward Foundation Models for Earth Monitoring,2023,17,10.48550/arxiv.2306.03831,arXiv (Cornell University),Alexandre Lacoste; Nils Lehmann; Pau Rodríguez,3.0,fm_finetune_seg
Fields of The World: A Machine Learning Benchmark Dataset for Global Agricultural Field Boundary Segmentation,2025,12,10.1609/aaai.v39i27.35034,Proceedings of the AAAI Conference on Artificial Intelligence,Hannah Kerner; Snehal Chaudhari; Aninda Ghosh,3.0,presto_pixel_ts
Scale-MAE: A Scale-Aware Masked Autoencoder for Multiscale Geospatial Representation Learning,2022,11,10.48550/arxiv.2212.14532,arXiv (Cornell University),Colorado Reed; Ritwik Gupta; Shufan Li,3.0,satmae_scalemae
Developing an algorithm for enhancement of a digital terrain model for a densely vegetated floodplain wetland,2016,9,10.1117/1.jrs.10.036013,Journal of Applied Remote Sensing,Dorota Mirosław‐Świątek; Sylwia Szporak-Wasilewska; Robert Michałowski,3.0,corridor_vbet
Prospectivity Mapping of Tungsten Mineralization in Southern Jiangxi Province Using Few-Shot Learning,2023,7,10.3390/min13050669,Minerals,Kai Zhou; Tao Sun; Yue Liu,3.0,fewshot_species_rs
Detecting Looted Archaeological Sites from Satellite Image Time Series,2025,5,10.1109/cvprw67362.2025.00216,,Elliot Vincent; Mehraïl Saroufim; Jonathan Chemla,3.0,satmae_scalemae
From Orbit to Ground: A Comprehensive Review of Multimodal Self-Supervised Learning for Remote Sensing,2025,3,10.36227/techrxiv.174137752.20965470/v1,,Lubin Bai; Xiuyuan Zhang; Wei Qin,3.0,presto_pixel_ts
Harvesting AlphaEarth: Benchmarking the geospatial foundation model for agricultural downstream tasks,2026,3,10.1016/j.jag.2026.105258,International Journal of Applied Earth Observation and Geoinformation,Yuchi Ma; Yawen Shen; Anu Swatantran,3.0,prithvi
Riparian vegetation response amid variable climate conditions across the Upper Gila River watershed: informing Tribal restoration priorities,2023,2,10.3389/fenvs.2023.1179328,Frontiers in Environmental Science,Roy E. Petrakis; Laura M. Norman; Barry Middleton,3.0,beetle_defoliation
Remote Sensing Applications in Monitoring of Protected Areas,2020,1,10.3390/books978-3-03936-369-8,,Yeqiao Wang; Zhong Lu; Yongwei Sheng,3.0,tamarisk_phenology
MMEarth: Exploring Multi-Modal Pretext Tasks For Geospatial Representation Learning,2024,1,10.48550/arxiv.2405.02771,arXiv (Cornell University),Vishal Nedungadi; Ankit Kariryaa; Stefan Oehmcke,3.0,presto_pixel_ts
Hybridization and range expansion in tamarisk beetles ( <i>Diorhabda</i> spp.) introduced to North America for classical biological control,2021,0,10.1101/2021.05.18.444725,bioRxiv (Cold Spring Harbor Laboratory),Amanda R. Stahlke; Ellyn V. Bitume; A. Zeynep Özsoy,3.0,beetle_defoliation
Training and Deploying Pretrained Remote Sensing Models,2026,0,10.82308/55678,Open MIND,Gabriel Tseng,3.0,presto_pixel_ts
Advancing Flood Mapping with Geo-Spatial Models and Indian Satellites,2025,0,10.1109/igarss55030.2025.11314067,,Kamal Das; Ayush Jain; Vinamra Baghel,3.0,prithvi
Utilizing a Geospatial Foundation Model for Coastline Delineation in Small Sandy Islands,2025,0,10.48550/arxiv.2511.10177,arXiv (Cornell University),Tishya Chhabra; Manisha Bajpai; Walter Zesk,3.0,prithvi
"Current status of Landsat program, science, and applications",2019,1118,10.1016/j.rse.2019.02.015,Remote Sensing of Environment,Michael A. Wulder; Thomas R. Loveland; David P. Roy,2.5,riparian_s2_ml; dryland_riparian_change
Guidelines for conserving connectivity through ecological networks and corridors,2020,453,10.2305/iucn.ch.2020.pag.30.en,,Jodi Hilty; Graeme L. Worboys; Annika T. H. Keeley,2.5,corridor_vbet
Applications of Remote Sensing to Alien Invasive Plant Studies,2009,302,10.3390/s90604869,Sensors,Cho‐ying Huang; Gregory P. Asner,2.5,tamarisk_phenology; invasive_phenology_ts
Wetland monitoring using classification trees and SPOT-5 seasonal time series,2009,280,10.1016/j.rse.2009.10.009,Remote Sensing of Environment,Aurélie Davranche; Gaétan Lefebvre; Brigitte Poulin,2.5,invasive_phenology_ts
Evaluating Sentinel-2 and Landsat-8 Data to Map Sucessional Forest Stages in a Subtropical Forest in Southern Brazil,2017,136,10.3390/rs9080838,Remote Sensing,Camile Söthe; Cláudia Maria de Almeida; Veraldo Liesenberg,2.5,riparian_s2_ml
A near-real-time approach for monitoring forest disturbance using Landsat time series: stochastic continuous change detection,2020,127,10.1016/j.rse.2020.112167,Remote Sensing of Environment,Su Ye; John Rogan; Zhe Zhu,2.5,invasive_phenology_ts
Potential of remote sensing to predict species invasions,2015,104,10.1177/0309133315574659,Progress in Physical Geography Earth and Environment,Duccio Rocchini; Verónica Andreo; Michael Förster,2.5,invasive_phenology_ts
Multispectral Approach for Identifying Invasive Plant Species Based on Flowering Phenology Characteristics,2019,78,10.3390/rs11080953,Remote Sensing,Tarin Paz‐Kagan; Micha Silver; Natalya Panov,2.5,invasive_phenology_ts
Fusing Sentinel-1 and -2 to Model GEDI-Derived Vegetation Structure Characteristics in GEE for the Paraguayan Chaco,2021,61,10.3390/rs13245105,Remote Sensing,Patrick Kacic; Andreas Hirner; Emmanuel Da Ponte,2.5,riparian_s2_ml
Remote sensing depicts riparian vegetation responses to water stress in a humid Atlantic region,2021,30,10.1016/j.scitotenv.2021.145526,The Science of The Total Environment,Giorgio Pace; Cayetano Gutiérrez‐Cánovas; Renato Henriques,2.5,fm_riparian
Evaluating nitrogen removal by vegetation uptake using satellite image time series in riparian catchments,2011,30,10.1016/j.scitotenv.2011.03.023,The Science of The Total Environment,Xuelei Wang; Qiao Wang; Shengtian Yang,2.5,fm_riparian
Sentinel-2 for High Resolution Mapping of Slope-Based Vegetation Indices Using Machine Learning By SAGA GIS,2020,30,10.2478/trser-2020-0015,Transylvanian Review of Systematical and Ecological Research,Polina Lemenkova,2.5,riparian_s2_ml
"Multimodal Colearning Meets Remote Sensing: Taxonomy, State of the Art, and Future Works",2024,29,10.1109/jstars.2024.3378348,IEEE Journal of Selected Topics in Applied Earth Observations and Remote Sensing,Nhi Kieu; Kien Nguyen; Abdullah Nazib,2.5,prithvi
Historical Analysis of Riparian Vegetation Change in Response to Shifting Management Objectives on the Middle Rio Grande,2017,17,10.3390/land6020029,Land,Roy E. Petrakis; Willem van Leeuwen; Miguel L. Villarreal,2.5,russian_olive; dryland_riparian_change
Review of Invasive Plant Functional Traits and Management Using Remote Sensing in Sub-Saharan Africa,2024,12,10.3390/ijpb15020029,International Journal of Plant Biology,Fredrick Ojija; Francesco Petruzzellis; Giovanni Bacaro,2.5,tamarisk_phenology
Advanced Detection of Invasive Neophytes in Agricultural Landscapes: A Multisensory and Multiscale Remote Sensing Approach,2024,8,10.3390/rs16030500,Remote Sensing,Florian Thürkow; Christopher G. Lorenz; Marion Pause,2.5,russian_olive
Riparian Plant Evapotranspiration and Consumptive Use for Selected Areas of the Little Colorado River Watershed on the Navajo Nation,2022,7,10.3390/rs15010052,Remote Sensing,Pamela L. Nagler; Armando Barreto‐Muñoz; Ibrahima Sall,2.5,beetle_defoliation; dryland_riparian_change
Explainable few-shot learning workflow for detecting invasive and exotic tree species,2025,6,10.1038/s41598-025-05394-2,Scientific Reports,Caroline Gevaert; Alexandra Aguiar Pedro; Ou Ku,2.5,fewshot_species_rs
End-to-End Change Detection for High Resolution Satellite Images Using Improved UNet++,2019,788,10.3390/rs11111382,Remote Sensing,Daifeng Peng; Yongjun Zhang; Haiyan Guan,2.0,fm_finetune_seg
"Comprehensive survey of deep learning in remote sensing: theories, tools, and challenges for the community",2017,598,10.1117/1.jrs.11.042609,Journal of Applied Remote Sensing,John E. Ball; Derek T. Anderson; Chee Seng Chan,2.0,weak_supervision_rs
Process‐Guided Deep Learning Predictions of Lake Water Temperature,2019,433,10.1029/2019wr024922,Water Resources Research,Jordan S. Read; Xiaowei Jia; Jared Willard,2.0,weak_supervision_rs
DA-TransUNet: integrating spatial and channel dual attention with transformer U-net for medical image segmentation,2024,275,10.3389/fbioe.2024.1398237,Frontiers in Bioengineering and Biotechnology,Guanqun Sun; Yizhi Pan; Weikun Kong,2.0,unet_vs_pooling
Transformer Meets Convolution: A Bilateral Awareness Network for Semantic Segmentation of Very Fine Resolution Urban Scene Images,2021,259,10.3390/rs13163065,Remote Sensing,Libo Wang; Rui Li; Dongzhi Wang,2.0,unet_vs_pooling
Ecological and methodological drivers of species’ distribution and phenology responses to climate change,2015,236,10.1111/gcb.13184,Global Change Biology,Christopher J. Brown; Mary I. O’Connor; Elvira S. Poloczanska,2.0,invasive_phenology_ts
STransFuse: Fusing Swin Transformer and Convolutional Neural Network for Remote Sensing Image Semantic Segmentation,2021,232,10.1109/jstars.2021.3119654,IEEE Journal of Selected Topics in Applied Earth Observations and Remote Sensing,Liang Gao; Hui Liu; Minhang Yang,2.0,unet_vs_pooling
A CBAM Based Multiscale Transformer Fusion Approach for Remote Sensing Image Change Detection,2022,197,10.1109/jstars.2022.3198517,IEEE Journal of Selected Topics in Applied Earth Observations and Remote Sensing,Wei Wang; Xinai Tan; Peng Zhang,2.0,unet_vs_pooling
CSWin-UNet: Transformer UNet with cross-shaped windows for medical image segmentation,2024,160,10.1016/j.inffus.2024.102634,Information Fusion,Xiao Liu; Peng Gao; Tao Yu,2.0,unet_vs_pooling
A Crossmodal Multiscale Fusion Network for Semantic Segmentation of Remote Sensing Data,2022,145,10.1109/jstars.2022.3165005,IEEE Journal of Selected Topics in Applied Earth Observations and Remote Sensing,Xianping Ma; Xiaokang Zhang; Man-On Pun,2.0,unet_vs_pooling
Deep-Learning-Based Semantic Segmentation of Remote Sensing Images: A Survey,2023,119,10.1109/jstars.2023.3335891,IEEE Journal of Selected Topics in Applied Earth Observations and Remote Sensing,Liwei Huang; Bitao Jiang; Shouye Lv,2.0,fm_finetune_seg; weak_supervision_rs; unet_vs_pooling; self_supervised_veg
Assessing the Potential of Sentinel-2 and Pléiades Data for the Detection of Prosopis and Vachellia spp. in Kenya,2017,108,10.3390/rs9010074,Remote Sensing,Wai‐Tim Ng; Purity Rima; Kathrin Einzmann,2.0,fm_finetune_seg; riparian_s2_ml
Deep Learning-Based Automated Forest Health Diagnosis From Aerial Images,2020,78,10.1109/access.2020.3012417,IEEE Access,Chia-Yen Chiang; Chloe Barnes; Plamen Angelov,2.0,fewshot_species_rs
Modeling Streams and Hydrogeomorphic Attributes in Oregon From Digital and Field Data<sup>1</sup>,2008,77,10.1111/j.1752-1688.2008.00175.x,JAWRA Journal of the American Water Resources Association,Sharon E. Clarke; Kelly M. Burnett; Daniel J. Miller,2.0,corridor_vbet
Multilevel Feature Fusion-Based CNN for Local Climate Zone Classification From Sentinel-2 Images: Benchmark Results on the So2Sat LCZ42 Dataset,2020,76,10.1109/jstars.2020.2995711,IEEE Journal of Selected Topics in Applied Earth Observations and Remote Sensing,Chunping Qiu; Xiaochong Tong; Michael Schmitt,2.0,fm_finetune_seg
BPAT-UNet: Boundary preserving assembled transformer UNet for ultrasound thyroid nodule segmentation,2023,73,10.1016/j.cmpb.2023.107614,Computer Methods and Programs in Biomedicine,Hui Bi; Chengjie Cai; Jiawei Sun,2.0,unet_vs_pooling
Transformers for Remote Sensing: A Systematic Review and Analysis,2024,71,10.3390/s24113495,Sensors,R Z Wang; Lei Ma; Guangjun He,2.0,fewshot_species_rs
Remote Sensing of Riparian Ecosystems,2022,52,10.3390/rs14112645,Remote Sensing,Miloš Rusnák; Tomáš Goga; Lukáš Michaleje,2.0,tamarisk_phenology; riparian_s2_ml; beetle_defoliation; dryland_riparian_change
Land Use and Land Cover Mapping with VHR and Multi-Temporal Sentinel-2 Imagery,2023,37,10.3390/rs15102501,Remote Sensing,Suzanna Cuypers; Andrea Nascetti; Maarten Vergauwen,2.0,fm_finetune_seg
Snow Coverage Mapping by Learning from Sentinel-2 Satellite Multispectral Images via Machine Learning Algorithms,2022,33,10.3390/rs14030782,Remote Sensing,Yucheng Wang; Jinya Su; Xiaojun Zhai,2.0,riparian_s2_ml
Generalization of U-Net Semantic Segmentation for Forest Change Detection in South Korea Using Airborne Imagery,2022,31,10.3390/f13122170,Forests,JongCheol Pyo; Kuk-jin Han; Yoonrang Cho,2.0,fm_finetune_seg
DiffusionSat: A Generative Foundation Model for Satellite Imagery,2023,31,10.48550/arxiv.2312.03606,arXiv (Cornell University),Samar Khanna; Patrick Liu; Linqi Zhou,2.0,satmae_scalemae
The Self-Supervised Spectral–Spatial Vision Transformer Network for Accurate Prediction of Wheat Nitrogen Status from UAV Imagery,2022,31,10.3390/rs14061400,Remote Sensing,Xin Zhang; Liangxiu Han; Tam Sobeih,2.0,self_supervised_veg
RS-SSKD: Self-Supervision Equipped with Knowledge Distillation for Few-Shot Remote Sensing Scene Classification,2021,26,10.3390/s21051566,Sensors,Pei Zhang; Ying Li; Dong Wang,2.0,fewshot_species_rs
Foundation models for geospatial reasoning: assessing the capabilities of large language models in understanding geometries and topological spatial relations,2025,25,10.1080/13658816.2025.2511227,International Journal of Geographical Information Systems,Yuhan Ji; Song Gao; Ying Nie,2.0,prithvi
An Integrated Spectral–Structural Workflow for Invasive Vegetation Mapping in an Arid Region Using Drones,2021,22,10.3390/drones5010019,Drones,Arnold Chi Kedia; Brandi Kapos; Songmei Liao,2.0,tamarisk_phenology
Detecting floating litter in freshwater bodies with semi-supervised deep learning,2024,13,10.1016/j.watres.2024.122405,Water Research,Tianlong Jia; Rinze de Vries; Zoran Kapelan,2.0,prithvi
Few-Shot Learning for Fault Diagnosis: Semi-Supervised Prototypical Network with Pseudo-Labels,2022,13,10.3390/sym14071489,Symmetry,Jun He; Zheshuai Zhu; Xinyu Fan,2.0,fewshot_species_rs
Revisiting pre-trained remote sensing model benchmarks: resizing and normalization matters,2023,7,10.48550/arxiv.2305.13456,arXiv (Cornell University),Isaac Corley; Caleb Robinson; Rahul Dodhia,2.0,presto_pixel_ts
Accounting for Spatial Variability with the Histogram of Oriented Gradients Based Masking Improves Performance of Masked Autoencoder over Hyperspectral Satellite Imagery (Student Abstract),2025,3,10.1609/aaai.v39i28.35253,Proceedings of the AAAI Conference on Artificial Intelligence,Tanjim Bin Faruk; Abdul Matin; Shrideep Pallickara,2.0,satmae_scalemae
Multi-Spectral Remote Sensing Image Retrieval Using Geospatial Foundation Models,2024,2,10.48550/arxiv.2403.02059,arXiv (Cornell University),Benedikt Blumenstiel; Viktoria Moor; Romeo Kienzler,2.0,presto_pixel_ts
Geospatial foundation models for image analysis: evaluating and enhancing NASA-IBM Prithvi's domain adaptability,2024,1,10.48550/arxiv.2409.00489,arXiv (Cornell University),Chia-Yu Hsu; Wenwen Li; Sizhe Wang,2.0,prithvi
TESSERA v2: Scaling Pixel-wise Earth Foundation Models,2026,0,,arXiv (Cornell University),Zhengpeng Feng; Sadiq Jaffer; Ira Shokar,2.0,presto_pixel_ts
Pretrain Where? Investigating How Pretraining Data Diversity Impacts Geospatial Foundation Model Performance,2026,0,,arXiv (Cornell University),Amandeep Kaur; Mirali Purohit; Gedeon Muhawenayo,2.0,presto_pixel_ts
Emerging opportunities and challenges for passive acoustics in ecological assessment and monitoring,2018,722,10.1111/2041-210x.13101,Methods in Ecology and Evolution,Rory Gibb; Ella Browning; Paul Glover‐Kapfer,1.5,fewshot_species_rs
MAMMALS OF THE RIO JURUÁ AND THE EVOLUTIONARY AND ECOLOGICAL DIVERSIFICATION OF AMAZONIA,2000,463,10.1206/0003-0090(2000)244<0001:motrja>2.0.co;2,Bulletin of the American Museum of Natural History,James L. Patton; Maria Nazareth F. da Silva; Jay R. Malcolm,1.5,corridor_vbet
Transformers in Remote Sensing: A Survey,2023,378,10.3390/rs15071860,Remote Sensing,Abdulaziz Amer Aleissaee; Amandeep Kumar; Rao Muhammad Anwer,1.5,weak_supervision_rs
Mapping Three Decades of Changes in the Brazilian Savanna Native Vegetation Using Landsat Data Processed in the Google Earth Engine Platform,2020,255,10.3390/rs12060924,Remote Sensing,Ane Alencar; Julia Z. Shimbo; Felipe Lenti,1.5,fm_riparian; riparian_s2_ml
Remote Sensing Object Detection in the Deep Learning Era—A Review,2024,242,10.3390/rs16020327,Remote Sensing,Shengxi Gui; Shuang Song; Rongjun Qin,1.5,fm_finetune_seg; weak_supervision_rs
Principles of the Atmospheric Pathway for Invasive Species Applied to Soybean Rust,2005,213,10.1641/0006-3568(2005)055[0851:potapf]2.0.co;2,BioScience,Scott A. Isard; Stuart H. Gage; Paul Comtois,1.5,invasive_phenology_ts
"GFPLAIN250m, a global high-resolution dataset of Earth’s floodplains",2019,194,10.1038/sdata.2018.309,Scientific Data,Fernando Nardi; Antonio Annis; Giuliano Di Baldassarre,1.5,corridor_vbet
Bumps in river profiles: uncertainty assessment and smoothing using quantile regression techniques,2017,190,10.5194/esurf-5-821-2017,Earth Surface Dynamics,Wolfgang Schwanghart; Dirk Scherler,1.5,corridor_vbet
Sentinel-2’s Potential for Sub-Pixel Landscape Feature Detection,2016,188,10.3390/rs8060488,Remote Sensing,Julien Radoux; Guillaume Chomé; Damien Jacques,1.5,riparian_s2_ml
Evaluating digital terrain indices for soil wetness mapping – a Swedish case study,2014,178,10.5194/hess-18-3623-2014,Hydrology and earth system sciences,Anneli Ågren; William Lidberg; Monika Strömgren,1.5,corridor_vbet
Comparing Sentinel-1 Surface Water Mapping Algorithms and Radiometric Terrain Correction Processing in Southeast Asia Utilizing Google Earth Engine,2020,152,10.3390/rs12152469,Remote Sensing,Kel Markert; Amanda Markert; Timothy Mayer,1.5,riparian_s2_ml
Upscaling Nitrogen Removal Capacity from Local Hotspots to Low Stream Orders’ Drainage Basins,2015,148,10.1007/s10021-015-9878-5,Ecosystems,Gilles Pinay; Stefan Peiffer; Jean‐Raynald de Dreuzy,1.5,corridor_vbet
Using remote sensing to characterize riparian vegetation: A review of available tools and perspectives for managers,2020,137,10.1016/j.jenvman.2020.110652,Journal of Environmental Management,Léo Huylenbroeck; Marianne Laslier; Simon Dufour,1.5,tamarisk_phenology; beetle_defoliation; dryland_riparian_change
Impact of Texture Information on Crop Classification with Machine Learning and UAV Images,2019,133,10.3390/app9040643,Applied Sciences,Geun-Ho Kwak; No-Wook Park,1.5,riparian_s2_ml
Optimal Combination of Predictors and Algorithms for Forest Above-Ground Biomass Mapping from Sentinel and SRTM Data,2019,120,10.3390/rs11040414,Remote Sensing,Lin Chen; Yeqiao Wang; Chunying Ren,1.5,riparian_s2_ml
A riparian conservation network for ecological resilience,2015,116,10.1016/j.biocon.2015.06.029,Biological Conservation,Alexander K. Fremier; Michael Kiparsky; Stephan Gmur,1.5,fm_riparian
Mapping of the Invasive Species Hakea sericea Using Unmanned Aerial Vehicle (UAV) and WorldView-2 Imagery and an Object-Oriented Approach,2017,103,10.3390/rs9090913,Remote Sensing,María Flor Álvarez Taboada; Claudio Paredes; Julia Julián-Pelaz,1.5,tamarisk_phenology
Remote Sensing of Mine Site Rehabilitation for Ecological Outcomes: A Global Systematic Review,2020,100,10.3390/rs12213535,Remote Sensing,P. McKenna; Alex M. Lechner; Stuart Phinn,1.5,russian_olive
Using Remote Sensing to Quantify the Joint Effects of Climate and Land Use/Land Cover Changes on the Caatinga Biome of Northeast Brazilian,2022,89,10.3390/rs14081911,Remote Sensing,Alexandre Maniçoba da Rosa Ferraz Jardim; George do Nascimento Araújo Júnior; Marcos Vinícius da Silva,1.5,fm_riparian
Detection and Delineation of Localized Flooding from WorldView-2 Multispectral Data,2015,84,10.3390/rs71114853,Remote Sensing,R Malinowski; Geoffrey Brian Groom; Wolfgang Schwanghart,1.5,corridor_vbet
A review of carbon monitoring in wet carbon systems using remote sensing,2022,83,10.1088/1748-9326/ac4d4d,Environmental Research Letters,Anthony Campbell; Temilola Fatoyinbo; Sean P. Charles,1.5,fm_riparian
Drone Laser Scanning for Modeling Riverscape Topography and Vegetation: Comparison with Traditional Aerial Lidar,2019,77,10.3390/drones3020035,Drones,Jonathan P. Resop; L. Lehmann; W. Cully Hession,1.5,fm_riparian
Human alterations of the global floodplains 1992–2019,2023,74,10.1038/s41597-023-02382-x,Scientific Data,Adnan Rajib; Qianjin Zheng; Charles R. Lane,1.5,corridor_vbet
Hydrogeomorphological differentiation between floodplains and terraces,2017,59,10.1002/esp.4234,Earth Surface Processes and Landforms,Qina Yan; Toshiki Iwasaki; Andrew J. Stumpf,1.5,corridor_vbet
Remote sensing indicators to assess riparian vegetation and river ecosystem health,2022,49,10.1016/j.ecolind.2022.109519,Ecological Indicators,Giorgio Pace; Cayetano Gutiérrez‐Cánovas; Renato Henriques,1.5,fm_riparian; riparian_s2_ml
Riparian vegetation shade restoration and loss effects on recent and future stream temperatures,2022,49,10.1111/rec.13626,Restoration Ecology,Matthew R. Fuller; Peter Leinenbach; Naomi E. Detenbeck,1.5,fm_riparian
Ecosystem services of a functionally diverse riparian zone in the Amazon–Cerrado agricultural frontier,2019,47,10.1016/j.gecco.2019.e00819,Global Ecology and Conservation,Rodolfo Nóbrega; Taciana Ziembowicz; Gilmar Nunes Torres,1.5,corridor_vbet
Adaptive capacity in the foundation tree species Populus fremontii: implications for resilience to climate change and non-native species invasion in the American Southwest,2020,43,10.1093/conphys/coaa061,Conservation Physiology,Kevin R. Hultine; Gerard J. Allan; Davis Blasini,1.5,beetle_defoliation
The Development of Near Real-Time Biomass and Cover Estimates for Adaptive Rangeland Management Using Landsat 7 and Landsat 8 Surface Reflectance Products,2018,42,10.3390/rs10071057,Remote Sensing,Vincent Jansen; Crystal A. Kolden; H. Schmalz,1.5,dryland_riparian_change
LiDAR derived ecological integrity indicators for riparian zones: Application to the Houille river in Southern Belgium/Northern France,2013,39,10.1016/j.ecolind.2013.06.024,Ecological Indicators,Adrien Michez; Hervé Piégay; François Toromanoff,1.5,corridor_vbet
A Dynamic Effective Class Balanced Approach for Remote Sensing Imagery Semantic Segmentation of Imbalanced Data,2023,37,10.3390/rs15071768,Remote Sensing,Zheng Zhou; Change Zheng; Xiaodong Liu,1.5,fm_finetune_seg
How Spatial Resolution Affects Forest Phenology and Tree-Species Classification Based on Satellite and Up-Scaled Time-Series Images,2021,33,10.3390/rs13142716,Remote Sensing,Kaijian Xu; Zhaoying Zhang; Wanwan Yu,1.5,invasive_phenology_ts
"Understanding the Ecosystem Services of Riparian Forests: Patterns, Gaps, and Global Trends",2025,30,10.3390/f16060947,Forests,Lucian Dincă; Gabriel Murariu; Mariana Lupoae,1.5,corridor_vbet
Estimating Actual Evapotranspiration over Croplands Using Vegetation Index Methods and Dynamic Harvested Area,2021,30,10.3390/rs13245167,Remote Sensing,Neda Abbasi; Hamideh Nouri; Kamel Didan,1.5,dryland_riparian_change
"Multiscale control of flooding and riparian‐forest composition in Lower Michigan, USA",2009,26,10.1890/07-1242.1,Ecology,Matthew E. Baker; Michael J. Wiley,1.5,corridor_vbet
"Grain-size variability of point-bar deposits from a fine-grained dryland river terminus, Southern Altiplano, Bolivia",2020,22,10.1016/j.sedgeo.2020.105663,Sedimentary Geology,Jiaguang Li; Jef Vandenberghe; Nigel P. Mountney,1.5,dryland_riparian_change
Remote sensing bio-control damage on aquatic invasive alien plant species,2015,14,10.4314/sajg.v4i4.8,South African Journal of Geomatics,Naeem Agjee; Onisimo Mutanga; Riyad Ismail,1.5,beetle_defoliation
Detection of two intermixed invasive woody species using color infrared aerial imagery and the support vector machine classifier,2013,12,10.1117/1.jrs.7.073588,Journal of Applied Remote Sensing,Mustafa Mırık; Sriroop Chaudhuri; Brady Surber,1.5,tamarisk_phenology
"Case studies of riparian and watershed restoration in the southwestern United States—Principles, challenges, and successes",2017,11,10.3133/ofr20171091,Antarctica A Keystone in a Changing World,Barbara E. Ralston; Daniel A. Sarr,1.5,russian_olive; beetle_defoliation
Crossing the Great Divide: Bridging the Researcher–Practitioner Gap to Maximize the Utility of Remote Sensing for Invasive Species Monitoring and Management,2021,9,10.3390/rs13204142,Remote Sensing,Kelsey Parker; Arthur Elmes; Peter B. Boucher,1.5,tamarisk_phenology; beetle_defoliation
Mapping stream and floodplain geomorphometry with the Floodplain and Channel Evaluation Tool,2023,6,10.1111/1752-1688.13163,JAWRA Journal of the American Water Resources Association,Kristina G. Hopkins; Labeeb Ahmed; Peter R. Claggett,1.5,corridor_vbet
An investigation into remote sensing techniques for describing hydraulic roughness,2018,5,,UNM’s Digital Repository (University of New Mexico),Smriti Chaulagain,1.5,russian_olive
Mapping native and non-native riparian vegetation in the Colorado River Watershed,2018,4,,Digital Collections of Colorado (Colorado State University),Paul Evangelista; Nicholas E. Young; Tony Vorster,1.5,russian_olive; beetle_defoliation
Detecting invasive woody increment in agricultural areas with Earth Observation technology,2015,3,10.17700/jai.2015.6.1.157,Journal of Agricultural Informatics,Györk Fülöp; Gábor Bakó; Boglárka Szabó,1.5,russian_olive
Harnessing Massive Satellite Imagery with Efficient Masked Image Modeling,2024,3,10.48550/arxiv.2406.11933,arXiv (Cornell University),Fengxiang Wang; Hongzhen Wang; Di Wang,1.5,satmae_scalemae
Foundation Models for Astrobiology: Paper I—Workshop and Overview,2025,2,10.1177/15311074251403557,Astrobiology,Ryan Felton; Caleb Scharf; Stuart Bartlett,1.5,prithvi
Deep learning in remote sensing applications: A meta-analysis and review,2019,2324,10.1016/j.isprsjprs.2019.04.015,ISPRS Journal of Photogrammetry and Remote Sensing,Lei Ma; Yü Liu; Xueliang Zhang,1.0,fm_finetune_seg
Plant phenology and global climate change: Current progresses and challenges,2019,2057,10.1111/gcb.14619,Global Change Biology,Shilong Piao; Qiang Liu; Anping Chen,1.0,invasive_phenology_ts
"Dynamic World, Near real-time global 10 m land use land cover mapping",2022,1023,10.1038/s41597-022-01307-4,Scientific Data,Christopher F. Brown; Steven P. Brumby; Brookie Guzder-Williams,1.0,weak_supervision_rs
Multisource and Multitemporal Data Fusion in Remote Sensing: A Comprehensive Review of the State of the Art,2019,576,10.1109/mgrs.2018.2890023,IEEE Geoscience and Remote Sensing Magazine,Pedram Ghamisi; Richard Gloaguen; Peter M. Atkinson,1.0,fm_riparian
Leaf‐out phenology of temperate woody plants: from trees to ecosystems,2011,559,10.1111/j.1469-8137.2011.03803.x,New Phytologist,Caroline A. Polgar; Richard B. Primack,1.0,invasive_phenology_ts
Linking plant phenology to conservation biology,2016,415,10.1016/j.biocon.2015.12.033,Biological Conservation,Leonor Patrícia Cerdeira Morellato; Bruna Alberton; Swanni T. Alvarado,1.0,invasive_phenology_ts
Deep Learning for Change Detection in Remote Sensing Images: Comprehensive Review and Meta-Analysis,2020,414,10.1109/access.2020.3008036,IEEE Access,Lazhar Khelifi; Max Mignotte,1.0,weak_supervision_rs
Object Detection and Image Segmentation with Deep Learning on Earth Observation Data: A Review-Part I: Evolution and Recent Trends,2020,358,10.3390/rs12101667,Remote Sensing,Thorsten Hoeser; Claudia Kuenzer,1.0,fm_finetune_seg; unet_vs_pooling
Multispectral Remote Sensing from Unmanned Aircraft: Image Processing Workflows and Applications for Rangeland Environments,2011,325,10.3390/rs3112529,Remote Sensing,Andrea S. Laliberte; M. Goforth; C. M. Steele,1.0,fm_riparian
U-Net-Based Medical Image Segmentation,2022,320,10.1155/2022/4189781,Journal of Healthcare Engineering,Xiaoxia Yin; Le Sun; Yuhan Fu,1.0,unet_vs_pooling
The mechanisms of phenology: the patterns and processes of phenological shifts,2018,279,10.1002/ecm.1337,Ecological Monographs,Helen E. Chmura; Heather M. Kharouba; Jaime Ashander,1.0,tamarisk_phenology
Change Detection Methods for Remote Sensing in the Last Decade: A Comprehensive Review,2024,202,10.3390/rs16132355,Remote Sensing,Guangliang Cheng; Yunmeng Huang; Xiangtai Li,1.0,unet_vs_pooling
Effect of Attention Mechanism in Deep Learning-Based Remote Sensing Image Processing: A Systematic Literature Review,2021,200,10.3390/rs13152965,Remote Sensing,Saman Ghaffarian; João Valente; Mariska van der Voort,1.0,weak_supervision_rs
Global transpiration data from sap flow measurements: the SAPFLUXNET database,2021,182,10.5194/essd-13-2607-2021,Earth system science data,Rafael Poyatos; Víctor Granda; Víctor Flo,1.0,tamarisk_phenology
Individual tree crown delineation in a highly diverse tropical forest using very high resolution satellite images,2018,151,10.1016/j.isprsjprs.2018.09.013,ISPRS Journal of Photogrammetry and Remote Sensing,Fabien Wagner; Matheus Pinheiro Ferreira; Alber Sánchez,1.0,invasive_phenology_ts
Accounting for Training Data Error in Machine Learning Applied to Earth Observations,2020,112,10.3390/rs12061034,Remote Sensing,Arthur Elmes; Hamed Alemohammad; Ryan Avery,1.0,fm_finetune_seg
Satellite Image Time Series Analysis for Big Earth Observation Data,2021,110,10.3390/rs13132428,Remote Sensing,Rolf Simões; Gilberto Câmara; Gilberto Ribeiro de Queiroz,1.0,fm_finetune_seg
"NDVI Threshold-Based Urban Green Space Mapping from Sentinel-2A at the Local Governmental Area (LGA) Level of Victoria, Australia",2022,94,10.3390/land11030351,Land,Jagannath Aryal; Chiranjibi Sitaula; Sunil Aryal,1.0,riparian_s2_ml
Mapping Potential Groundwater‐Dependent Ecosystems for Sustainable Management,2014,91,10.1111/gwat.12169,Ground Water,Si Gou; S. Mata G. Gonzales; G. R. Miller,1.0,russian_olive
A Multi-Attention UNet for Semantic Segmentation in Remote Sensing Images,2022,87,10.3390/sym14050906,Symmetry,Yu Sun; Fukun Bi; Yangte Gao,1.0,unet_vs_pooling
Land-Use Mapping for High-Spatial Resolution Remote Sensing Image Via Deep Learning: A Review,2021,84,10.1109/jstars.2021.3078631,IEEE Journal of Selected Topics in Applied Earth Observations and Remote Sensing,Ning Zang; Yun Cao; Yuebin Wang,1.0,weak_supervision_rs
A review of remote sensing image segmentation by deep learning methods,2024,83,10.1080/17538947.2024.2328827,International Journal of Digital Earth,Jiangyun Li; Yuanxiu Cai; Qing Li,1.0,fm_finetune_seg; weak_supervision_rs; unet_vs_pooling
Mapping canopy defoliation by herbivorous insects at the individual tree level using bi-temporal airborne imaging spectroscopy and LiDAR measurements,2018,80,10.1016/j.rse.2018.06.008,Remote Sensing of Environment,Ran Meng; Philip E. Dennison; Feng Zhao,1.0,tamarisk_phenology; beetle_defoliation
Deep learning-based semantic segmentation of remote sensing images: a review,2023,77,10.3389/fevo.2023.1201125,Frontiers in Ecology and Evolution,Jinna Lv; Qi Shen; Mingzheng Lv,1.0,unet_vs_pooling
CDUNet: Cloud Detection UNet for Remote Sensing Imagery,2021,68,10.3390/rs13224533,Remote Sensing,Kai Hu; Dongsheng Zhang; Min Xia,1.0,unet_vs_pooling
Transfer learning in agriculture: a review,2025,68,10.1007/s10462-024-11081-x,Artificial Intelligence Review,Md Ismail Hossen; Mohammad Awrangjeb; Shirui Pan,1.0,fewshot_species_rs
Investigation of land surface phenology detections in shrublands using multiple scale satellite data,2020,67,10.1016/j.rse.2020.112133,Remote Sensing of Environment,Dailiang Peng; Yan Wang; George Xian,1.0,invasive_phenology_ts
A dual-branch weakly supervised learning based network for accurate mapping of woody vegetation from remote sensing images,2023,65,10.1016/j.jag.2023.103499,International Journal of Applied Earth Observation and Geoinformation,Youwei Cheng; Shaocheng Lan; Xijian Fan,1.0,self_supervised_veg
Thermal remote sensing for plant ecology from leaf to globe,2022,64,10.1111/1365-2745.13957,Journal of Ecology,Martha M. Farella; Joshua B. Fisher; Wenzhe Jiao,1.0,fm_riparian
"Landslide Susceptibility Mapping Using Feature Fusion-Based CPCNN-ML in Lantau Island, Hong Kong",2021,61,10.1109/jstars.2021.3066378,IEEE Journal of Selected Topics in Applied Earth Observations and Remote Sensing,Yangyang Chen; Dongping Ming; Xiao Ling,1.0,self_supervised_veg
Advancing horizons in remote sensing: a comprehensive survey of deep learning models and applications in image classification and beyond,2024,58,10.1007/s00521-024-10165-7,Neural Computing and Applications,Sidike Paheding; Ashraf Saleem; Mohammad Faridul Haque Siddiqui,1.0,fewshot_species_rs
Brain-Inspired Remote Sensing Interpretation: A Comprehensive Survey,2023,42,10.1109/jstars.2023.3247455,IEEE Journal of Selected Topics in Applied Earth Observations and Remote Sensing,Licheng Jiao; Zhongjian Huang; Xu Liu,1.0,fewshot_species_rs
Development of Semantic Maps of Vegetation Cover from UAV Images to Support Planning and Management in Fine-Grained Fire-Prone Landscapes,2022,40,10.3390/rs14051262,Remote Sensing,Bianka Trenčanová; Vânia Proença; Alexandre Bernardino,1.0,fm_finetune_seg
Learnable Gated Convolutional Neural Network for Semantic Segmentation in Remote-Sensing Images,2019,34,10.3390/rs11161922,Remote Sensing,Shichen Guo; Qizhao Jin; Hongzhen Wang,1.0,fm_finetune_seg
OmniSat: Self-supervised Modality Fusion for Earth Observation,2024,28,10.1007/978-3-031-73390-1_24,Lecture notes in computer science,Guillaume Astruc; Nicolas Gonthier; Clément Mallet,1.0,fm_finetune_seg; presto_pixel_ts; self_supervised_veg
A Review on Recent Deep Learning-Based Semantic Segmentation for Urban Greenness Measurement,2024,23,10.3390/s24072245,Sensors,Doo Hong Lee; Hye Yeon Park; Joonwhoan Lee,1.0,fm_finetune_seg
Scaling AI with Limited Labeled Data: A Self-Supervised Learning Approach,2025,12,10.62762/tetai.2025.607708,ICCK Transactions on Emerging Topics in Artificial Intelligence,Praveen Kumar Myakala,1.0,self_supervised_veg
Digital applications unlock remote sensing AI foundation models for scalable environmental monitoring,2025,8,10.3389/fclim.2025.1520242,Frontiers in Climate,Benjamin Strong; Edward Boyda; Cameron Kruse,1.0,prithvi
Masked Modeling for Self-supervised Representation Learning on Vision and Beyond,2023,7,10.48550/arxiv.2401.00897,arXiv (Cornell University),Siyuan Li; Luyuan Zhang; Zedong Wang,1.0,satmae_scalemae
Disruptive Autoencoders: Leveraging Low-level features for 3D Medical Image Pre-training,2023,5,10.48550/arxiv.2307.16896,arXiv (Cornell University),Jeya Maria Jose Valanarasu; Yucheng Tang; Dong Yang,1.0,satmae_scalemae
Research on Protective Forest Change Detection in Aral City Based on Deep Learning,2025,2,10.3390/f16050775,Forests,Pengshuai Liu; Xiaojun Yin; Mingrui Ding,1.0,russian_olive
GAIR: Location-aware self-supervised contrastive pre-training with geo-aligned implicit representations,2026,2,10.1016/j.isprsjprs.2026.04.035,ISPRS Journal of Photogrammetry and Remote Sensing,Zeping Liu; Fan Zhang; Junfeng Jiao,1.0,prithvi
Rethinking Transformers Pre-training for Multi-Spectral Satellite Imagery,2024,2,10.48550/arxiv.2403.05419,arXiv (Cornell University),Mubashir Noman; Muzammal Naseer; Hisham Cholakkal,1.0,satmae_scalemae
Foundation Models in Remote Sensing: Evolving from unimodality to multimodality,2026,1,10.1109/mgrs.2026.3669086,IEEE Geoscience and Remote Sensing Magazine,Danfeng Hong; Chenyu Li; Xuyang Li,1.0,prithvi
"A Metaverse: Taxonomy, Components, Applications, and Open Challenges",2022,1777,10.1109/access.2021.3140175,IEEE Access,Sangmin Park; Young‐Gab Kim,0.5,fewshot_species_rs
"Hyperspectral Imaging: A Review on UAV-Based Sensors, Data Processing and Applications for Agriculture and Forestry",2017,1277,10.3390/rs9111110,Remote Sensing,Telmo Adão; Jonáš Hruška; Luís Pádua,0.5,fewshot_species_rs
"Deep learning modelling techniques: current progress, applications, advantages, and challenges",2023,985,10.1007/s10462-023-10466-8,Artificial Intelligence Review,Shams Forruque Ahmed; Md. Sakib Bin Alam; Maruf Hassan,0.5,weak_supervision_rs
"Remote Sensing Image Scene Classification Meets Deep Learning: Challenges, Methods, Benchmarks, and Opportunities",2020,968,10.1109/jstars.2020.3005403,IEEE Journal of Selected Topics in Applied Earth Observations and Remote Sensing,Gong Cheng; Xingxing Xie; Junwei Han,0.5,weak_supervision_rs
Deep Learning-Based Change Detection in Remote Sensing Images: A Review,2022,385,10.3390/rs14040871,Remote Sensing,Ayesha Shafique; Guo Cao; Zia U. Khan,0.5,weak_supervision_rs
Framing the concept of satellite remote sensing essential biodiversity variables: challenges and future directions,2016,319,10.1002/rse2.15,Remote Sensing in Ecology and Conservation,Nathalie Pettorelli; Martin Wegmann; Andrew K. Skidmore,0.5,invasive_phenology_ts
Landslide Susceptibility Prediction Based on Remote Sensing Images and GIS: Comparisons of Supervised and Unsupervised Machine Learning Models,2020,279,10.3390/rs12030502,Remote Sensing,Zhilu Chang; Zhen Du; Fan Zhang,0.5,weak_supervision_rs
Domain Adaptation in Remote Sensing Image Classification: A Survey,2022,195,10.1109/jstars.2022.3220875,IEEE Journal of Selected Topics in Applied Earth Observations and Remote Sensing,Jiangtao Peng; Yi Huang; Weiwei Sun,0.5,weak_supervision_rs
Annual Irrigation Dynamics in the U.S. Northern High Plains Derived from Landsat Satellite Data,2017,180,10.1002/2017gl074071,Geophysical Research Letters,Jillian M. Deines; A. D. Kendall; D. W. Hyndman,0.5,dryland_riparian_change
"A geospatial analysis of multi-hazard risk in Dharan, Nepal",2020,140,10.1080/19475705.2019.1710580,Geomatics Natural Hazards and Risk,Sanam K. Aksha; Lynn M. Resler; Luke Juran,0.5,fm_riparian
Remote Monitoring of Forest Insect Defoliation -A Review-,2013,119,10.5424/fs/2013223-04417,Forest Systems,Cristóbal Daniel Rullán-Silva; Adriana E. Olthoff; J.A. Delgado de la Mata,0.5,tamarisk_phenology
Land Use and Land Cover Classification Meets Deep Learning: A Review,2023,103,10.3390/s23218966,Sensors,Shengyu Zhao; Kaiwen Tu; Shutong Ye,0.5,weak_supervision_rs
Drought onset and propagation into soil moisture and grassland vegetation responses during the 2012–2019 major drought in Southern California,2021,83,10.5194/hess-25-3713-2021,Hydrology and earth system sciences,Maria Magdalena Warter; Michael Bliss Singer; Mark Cuthbert,0.5,dryland_riparian_change
Actual Evapotranspiration (Water Use) Assessment of the Colorado River Basin at the Landsat Resolution Using the Operational Simplified Surface Energy Balance Model,2013,74,10.3390/rs6010233,Remote Sensing,R. K. Singh; G. B. Senay; Naga Manohar Velpuri,0.5,dryland_riparian_change
Detection of Shelterbelt Density Change Using Historic APFO and NAIP Aerial Imagery,2019,16,10.3390/rs11030218,Remote Sensing,Morgen W. V. Burke; Brad Rundquist; Haochi Zheng,0.5,russian_olive
"Wild Olive Trees Extent in Al-Baha Region, Saudi Arabia According to Trees’ Age, Health, and Clustering Status",2021,1,10.24203/ajas.v9i1.6485,Asian Journal of Applied Sciences,Abdullah Saleh Al-Ghamdi,0.5,russian_olive
A survey of uncertainty in deep neural networks,2023,1199,10.1007/s10462-023-10562-9,Artificial Intelligence Review,Jakob Gawlikowski; Cedrique Rovile Njieutcheu Tassi; Mohsin Ali,0.0,weak_supervision_rs
Support Vector Machine Versus Random Forest for Remote Sensing Image Classification: A Meta-Analysis and Systematic Review,2020,1064,10.1109/jstars.2020.3026724,IEEE Journal of Selected Topics in Applied Earth Observations and Remote Sensing,Mohammadreza Sheykhmousa; Masoud Mahdianpari; Hamid Ghanbari,0.0,fm_finetune_seg
Machine Learning Applications for Precision Agriculture: A Comprehensive Review,2020,1043,10.1109/access.2020.3048415,IEEE Access,Abhinav Sharma; Arpit Jain; Prateek Gupta,0.0,weak_supervision_rs
Explainable Machine Learning for Scientific Insights and Discoveries,2020,983,10.1109/access.2020.2976199,IEEE Access,Ribana Roscher; Bastian Bohn; Marco F. Duarte,0.0,weak_supervision_rs
Deep Residual Learning for Image Recognition: A Survey,2022,949,10.3390/app12188972,Applied Sciences,Muhammad Shafiq; Zhaoquan Gu,0.0,fewshot_species_rs
Machine Learning in Agriculture: A Comprehensive Updated Review,2021,825,10.3390/s21113758,Sensors,Lefteris Benos; Aristotelis C. Tagarakis; Georgios Dolias,0.0,fewshot_species_rs
"An overview of current applications, challenges, and future trends in distributed process-based models in hydrology",2016,680,10.1016/j.jhydrol.2016.03.026,Journal of Hydrology,Simone Fatichi; Enrique R. Vivoni; Fred L. Ogden,0.0,fm_riparian
Deep learning models for digital image processing: a review,2024,549,10.1007/s10462-023-10631-z,Artificial Intelligence Review,R Archana; P. S. Eliahim Jeevaraj,0.0,weak_supervision_rs
Deep Learning for Land Use and Land Cover Classification Based on Hyperspectral and Multispectral Earth Observation Data: A Review,2020,435,10.3390/rs12152495,Remote Sensing,Ava Vali; Sara Comai; Matteo Matteucci,0.0,self_supervised_veg
Deep-learning-based information mining from ocean remote-sensing imagery,2020,399,10.1093/nsr/nwaa047,National Science Review,Xiaofeng Li; Bin Liu; Gang Zheng,0.0,weak_supervision_rs
Will remote sensing shape the next generation of species distribution models?,2015,346,10.1002/rse2.7,Remote Sensing in Ecology and Conservation,Kate S. He; Bethany A. Bradley; Anna F. Cord,0.0,invasive_phenology_ts
The NorWeST Summer Stream Temperature Model and Scenarios for the Western U.S.: A Crowd‐Sourced Database and New Geospatial Tools Foster a User Community and Predict Broad Climate Warming of Rivers and Streams,2017,304,10.1002/2017wr020969,Water Resources Research,Daniel J. Isaak; Seth J. Wenger; Erin E. Peterson,0.0,fm_riparian
Remote sensing of soil degradation: Progress and perspective,2023,282,10.1016/j.iswcr.2023.03.002,International Soil and Water Conservation Research,Jingzhe Wang; Jianing Zhen; Weifang Hu,0.0,fm_riparian
A Survey on Deep Learning-Based Change Detection from High-Resolution Remote Sensing Images,2022,265,10.3390/rs14071552,Remote Sensing,Huiwei Jiang; Min Peng; Yuanjun Zhong,0.0,weak_supervision_rs
Applications of machine learning to water resources management: A review of present status and future opportunities,2024,225,10.1016/j.jclepro.2024.140715,Journal of Cleaner Production,Ashraf Ahmed; Sakina Sayed; Antoifi Abdoulhalik,0.0,fewshot_species_rs
A Systematic Review on Advancements in Remote Sensing for Assessing and Monitoring Land Use and Land Cover Changes Impacts on Surface Water Resources in Semi-Arid Tropical Environments,2023,208,10.3390/rs15163926,Remote Sensing,Makgabo Johanna Mashala; Timothy Dube; Bester Tawona Mudereri,0.0,fm_riparian
Remote-Sensing Data and Deep-Learning Techniques in Crop Mapping and Yield Prediction: A Systematic Review,2023,205,10.3390/rs15082014,Remote Sensing,Abhasha Joshi; Biswajeet Pradhan; Shilpa Gite,0.0,weak_supervision_rs
Urban Land Use and Land Cover Classification Using Novel Deep Learning Models Based on High Spatial Resolution Satellite Imagery,2018,203,10.3390/s18113717,Sensors,Pengbin Zhang; Yinghai Ke; Zhenxin Zhang,0.0,weak_supervision_rs
What is the relationship between land use and surface water quality? A review and prospects from remote sensing perspective,2022,197,10.1007/s11356-022-21348-x,Environmental Science and Pollution Research,Chunyan Cheng; Fei Zhang; Jingchao Shi,0.0,fm_riparian
"Review of Remote Sensing-Based Methods for Forest Aboveground Biomass Estimation: Progress, Challenges, and Prospects",2023,196,10.3390/f14061086,Forests,Lei Tian; Xiaocan Wu; Tao Yu,0.0,fm_riparian
Big Data and Machine Learning With Hyperspectral Information in Agriculture,2021,194,10.1109/access.2021.3051196,IEEE Access,Li-Minn Ang; Jasmine Kah Phooi Seng,0.0,riparian_s2_ml
Groundwater-dependent ecosystems: recent insights from satellite and field-based studies,2015,185,10.5194/hess-19-4229-2015,Hydrology and earth system sciences,Derek Eamus; Sepideh Zolfaghar; Randol Villalobos‐Vega,0.0,tamarisk_phenology
A Review of Practical AI for Remote Sensing in Earth Sciences,2023,174,10.3390/rs15164112,Remote Sensing,Bhargavi Janga; Gokul Prathin Asamani; Ziheng Sun,0.0,fm_finetune_seg; fewshot_species_rs
Analyses of land use and land cover change dynamics using GIS and remote sensing during 1984 and 2015 in the Beressa Watershed Northern Central Highland of Ethiopia,2016,165,10.1007/s40808-016-0233-4,Modeling Earth Systems and Environment,Tesfa Worku Meshesha; Sweta Tripathi; Deepak Khare,0.0,fm_riparian
Whale counting in satellite and aerial images with deep learning,2019,163,10.1038/s41598-019-50795-9,Scientific Reports,Emilio Guirado; Siham Tabik; Marga L. Rivas,0.0,fewshot_species_rs
Survey of Deep-Learning Approaches for Remote Sensing Observation Enhancement,2019,146,10.3390/s19183929,Sensors,Grigorios Tsagkatakis; Anastasia Aidini; Konstantina Fotiadou,0.0,fm_finetune_seg
Remote sensing as a tool for monitoring plant invasions: Testing the effects of data resolution and image classification approach on the detection of a model plant species Heracleum mantegazzianum (giant hogweed),2013,130,10.1016/j.jag.2013.03.004,International Journal of Applied Earth Observation and Geoinformation,Jana Müllerová; Jan Pergl; Petr Pyšek,0.0,invasive_phenology_ts
Recent Advances in Unmanned Aerial Vehicles Forest Remote Sensing—A Systematic Review. Part II: Research Applications,2021,124,10.3390/f12040397,Forests,Riccardo Dainelli; Piero Toscano; Salvatore Filippo Di Gennaro,0.0,fm_riparian
The use of remote sensing to characterise hydromorphological properties of European rivers,2015,120,10.1007/s00027-015-0430-7,Aquatic Sciences,Simone Bizzi; Luca Demarchi; Robert Grabowski,0.0,fm_riparian
Urban Vegetation Mapping from Aerial Imagery Using Explainable AI (XAI),2021,115,10.3390/s21144738,Sensors,Abolfazl Abdollahi; Biswajeet Pradhan,0.0,fm_riparian; riparian_s2_ml
Intermittent rivers and ephemeral streams: Perspectives for critical zone science and research on socio‐ecosystems,2021,105,10.1002/wat2.1523,Wiley Interdisciplinary Reviews Water,Ophélie Fovet; Axel Belemtougri; Laurie Boithias,0.0,dryland_riparian_change
A Comprehensive Survey of Deep Learning Approaches in Image Processing,2025,104,10.3390/s25020531,Sensors,Μαρία Τρίγκα; Ηλίας Δρίτσας,0.0,fewshot_species_rs
"Predicting natural channel patterns based on landscape and geomorphic controls in the Columbia River basin, USA",2013,97,10.1002/2013wr013629,Water Resources Research,Tim Beechie; Hiroo Imaki,0.0,corridor_vbet
From single- to multi-modal remote sensing imagery interpretation: a survey and taxonomy,2023,93,10.1007/s11432-022-3588-0,Science China Information Sciences,Xian Sun; Yu Tian; Wanxuan Lu,0.0,fewshot_species_rs
Role of Acetic Acid Bacteria in Food and Beverages,2022,70,10.17113/ftb.61.01.23.7811,Food Technology and Biotechnology,Natália Norika Yassunaka Hata; Mônica Surek; Daniele Sartori,0.0,russian_olive
Remote Sensing Applications in Monitoring of Protected Areas,2020,46,10.3390/rs12091370,Remote Sensing,Yeqiao Wang; Zhong Lu; Yongwei Sheng,0.0,tamarisk_phenology
Machine learning assisted remote forestry health assessment: a comprehensive state of the art review,2023,43,10.3389/fpls.2023.1139232,Frontiers in Plant Science,Juan Sebastián Estrada; Andrés Fuentes; Pedro Reszka,0.0,fewshot_species_rs
Multi-Label Noise Robust Collaborative Learning for Remote Sensing Image Classification,2022,42,10.1109/tnnls.2022.3209992,IEEE Transactions on Neural Networks and Learning Systems,Ahmet Aksoy; Mahdyar Ravanbakhsh; Begüm Demir,0.0,self_supervised_veg
"Solid waste detection, monitoring and mapping in remote sensing images: A survey",2024,38,10.1016/j.wasman.2024.08.003,Waste Management,Piero Fraternali; Luca Morandini; Sergio Luis Herrera González,0.0,prithvi
"Comparison of CBERS-04, GF-1, and GF-2 Satellite Panchromatic Images for Mapping Quasi-Circular Vegetation Patches in the Yellow River Delta, China",2018,31,10.3390/s18082733,Sensors,Qingsheng Liu; Chong Huang; Gaohuan Liu,0.0,tamarisk_phenology
GeoAI for Science and the Science of GeoAI,2024,29,10.5311/josis.2024.29.349,Journal of Spatial Information Science,Wenwen Li; Samantha T. Arundel; Song Gao,0.0,prithvi
A global organism detection and monitoring system for non-native species,2007,28,10.1016/j.ecoinf.2007.03.006,Ecological Informatics,J. H. Graham; Greg Newman; Catherine S. Jarnevich,0.0,russian_olive
Plants and river morphodynamics: The emergence of fluvial biogeomorphology,2024,25,10.1002/rra.4271,River Research and Applications,Angela M. Gurnell; Walter Bertoldi,0.0,russian_olive
Looking beyond leaves: variation in nutrient leaching potential of seasonal litterfall among different species within an urban forest,2022,20,10.1007/s11252-022-01217-8,Urban Ecosystems,Sophie K. Hill; Rebecca L. Hale; Joshua B. Grinath,0.0,russian_olive
Change detection in floodable areas of the Danube delta using radar images,2015,14,10.1007/s11069-015-1809-4,Natural Hazards,Simona Niculescu; Cédric Lardeux; Jenică Hanganu,0.0,russian_olive
Quantifying the role of National Forest System and other forested lands in providing surface drinking water supply for the conterminous United States,2022,14,10.2737/wo-gtr-100,,Ning Liu; G. Rebecca Dobbs; Peter V Caldwell,0.0,beetle_defoliation
"Mapping of Soil Properties under Different LandUses in Lesser Karakoram Range, Pakistan",2020,11,10.15244/pjoes/122443,Polish Journal of Environmental Studies,Azfar Hussain; Haibat Ali; Farida Begum,0.0,russian_olive
Remotely Sensed Changes in Vegetation Cover Distribution and Groundwater along the Lower Gila River,2020,10,10.3390/land9090326,Land,Kyle Hartfield; Willem van Leeuwen; Jeffrey K. Gillan,0.0,tamarisk_phenology
Effects of Distinguishing Vegetation Types on the Estimates of Remotely Sensed Evapotranspiration in Arid Regions,2019,8,10.3390/rs11232856,Remote Sensing,Tao Du; Li Wang; Guofu Yuan,0.0,tamarisk_phenology
Learning Representations of Satellite Images From Metadata Supervision,2024,6,10.1007/978-3-031-73383-3_4,Lecture notes in computer science,Jules Bourcier; Gohar Dashyan; Karteek Alahari,0.0,satmae_scalemae
A comprehensive survey and assumption of remote sensing foundation modal,2023,4,10.11834/jrs.20233313,National Remote Sensing Bulletin,Kun Fu; Wanxuan Lu; LIU Xiaoyu,0.0,presto_pixel_ts
Analysing Fire Propagation Models: A Case Study on FARSITE for Prolonged Wildfires,2025,4,10.3390/fire8050166,Fire,Leonardo Martins; Rui Valente de Almeida; António Maia,0.0,prithvi
Multi-Sensor Model for Earth Observation Robust to Missing Data via Sensor Dropout and Mutual Distillation,2025,1,10.1109/access.2025.3568706,IEEE Access,Francisco Mena; Dino Ienco; Cássio F. Dantas,0.0,presto_pixel_ts
The role of open-source LLMs in shaping the future of GeoAI,2026,1,10.1080/19475683.2026.2630753,Annals of GIS,Xiao Huang; Zhengzhong Tu; Xinyue Ye,0.0,prithvi
"Mapping of Wild Olive Trees: the Range, Distribution and Basic Attributes of Wild Olive Trees in AI Baha, Saudi Arabia, Using Remote Sensing Technology",2021,0,10.53469/jissr.2021.08(12).37,Journal of Innovation and Social Science Research,,0.0,russian_olive
